{"__symbolic":"module","version":4,"metadata":{"ɵa":{"__symbolic":"class","members":{"__ctor__":[{"__symbolic":"constructor","parameters":[{"__symbolic":"reference","name":"string"},{"__symbolic":"reference","module":"@angular/core","name":"Renderer2","line":119,"character":54},{"__symbolic":"reference","module":"@angular/animations/browser","name":"ɵAnimationEngine","line":24,"character":58}]}],"destroy":[{"__symbolic":"method"}],"createElement":[{"__symbolic":"method"}],"createComment":[{"__symbolic":"method"}],"createText":[{"__symbolic":"method"}],"appendChild":[{"__symbolic":"method"}],"insertBefore":[{"__symbolic":"method"}],"removeChild":[{"__symbolic":"method"}],"selectRootElement":[{"__symbolic":"method"}],"parentNode":[{"__symbolic":"method"}],"nextSibling":[{"__symbolic":"method"}],"setAttribute":[{"__symbolic":"method"}],"removeAttribute":[{"__symbolic":"method"}],"addClass":[{"__symbolic":"method"}],"removeClass":[{"__symbolic":"method"}],"setStyle":[{"__symbolic":"method"}],"removeStyle":[{"__symbolic":"method"}],"setProperty":[{"__symbolic":"method"}],"setValue":[{"__symbolic":"method"}],"listen":[{"__symbolic":"method"}],"disableAnimations":[{"__symbolic":"method"}]}},"BrowserAnimationsModule":{"__symbolic":"class","decorators":[{"__symbolic":"call","expression":{"__symbolic":"reference","module":"@angular/core","name":"NgModule","line":15,"character":1},"arguments":[{"exports":[{"__symbolic":"reference","module":"@angular/platform-browser","name":"BrowserModule","line":16,"character":12}],"providers":{"__symbolic":"reference","name":"ɵf"}}]}],"members":{}},"NoopAnimationsModule":{"__symbolic":"class","decorators":[{"__symbolic":"call","expression":{"__symbolic":"reference","module":"@angular/core","name":"NgModule","line":25,"character":1},"arguments":[{"exports":[{"__symbolic":"reference","module":"@angular/platform-browser","name":"BrowserModule","line":26,"character":12}],"providers":{"__symbolic":"reference","name":"ɵg"}}]}],"members":{}},"ɵBrowserAnimationBuilder":{"__symbolic":"class","extends":{"__symbolic":"reference","module":"@angular/animations","name":"AnimationBuilder","line":14,"character":45},"decorators":[{"__symbolic":"call","expression":{"__symbolic":"reference","module":"@angular/core","name":"Injectable","line":13,"character":1}}],"members":{"__ctor__":[{"__symbolic":"constructor","parameterDecorators":[null,[{"__symbolic":"call","expression":{"__symbolic":"reference","module":"@angular/core","name":"Inject","line":18,"character":47},"arguments":[{"__symbolic":"reference","module":"@angular/platform-browser","name":"DOCUMENT","line":18,"character":54}]}]],"parameters":[{"__symbolic":"reference","module":"@angular/core","name":"RendererFactory2","line":18,"character":28},{"__symbolic":"reference","name":"any"}]}],"build":[{"__symbolic":"method"}]}},"ɵBrowserAnimationFactory":{"__symbolic":"class","extends":{"__symbolic":"reference","module":"@angular/animations","name":"AnimationFactory","line":38,"character":45},"members":{"__ctor__":[{"__symbolic":"constructor","parameters":[{"__symbolic":"reference","name":"string"},{"__symbolic":"reference","name":"ɵAnimationRenderer"}]}],"create":[{"__symbolic":"method"}]}},"ɵAnimationRenderer":{"__symbolic":"class","extends":{"__symbolic":"reference","name":"ɵa"},"members":{"__ctor__":[{"__symbolic":"constructor","parameters":[{"__symbolic":"reference","name":"ɵAnimationRendererFactory"},{"__symbolic":"reference","name":"string"},{"__symbolic":"reference","module":"@angular/core","name":"Renderer2","line":119,"character":54},{"__symbolic":"reference","module":"@angular/animations/browser","name":"ɵAnimationEngine","line":24,"character":58}]}],"setProperty":[{"__symbolic":"method"}],"listen":[{"__symbolic":"method"}]}},"ɵAnimationRendererFactory":{"__symbolic":"class","decorators":[{"__symbolic":"call","expression":{"__symbolic":"reference","module":"@angular/core","name":"Injectable","line":14,"character":1}}],"members":{"__ctor__":[{"__symbolic":"constructor","parameters":[{"__symbolic":"reference","module":"@angular/core","name":"RendererFactory2","line":24,"character":24},{"__symbolic":"reference","module":"@angular/animations/browser","name":"ɵAnimationEngine","line":24,"character":58},{"__symbolic":"reference","module":"@angular/core","name":"NgZone","line":24,"character":90}]}],"createRenderer":[{"__symbolic":"method"}],"begin":[{"__symbolic":"method"}],"_scheduleCountTask":[{"__symbolic":"method"}],"scheduleListenerCallback":[{"__symbolic":"method"}],"end":[{"__symbolic":"method"}],"whenRenderingDone":[{"__symbolic":"method"}]}},"ɵb":{"__symbolic":"class","extends":{"__symbolic":"reference","module":"@angular/animations/browser","name":"ɵAnimationEngine","line":17,"character":47},"decorators":[{"__symbolic":"call","expression":{"__symbolic":"reference","module":"@angular/core","name":"Injectable","line":16,"character":1}}],"members":{"__ctor__":[{"__symbolic":"constructor","parameters":[{"__symbolic":"reference","module":"@angular/animations/browser","name":"AnimationDriver","line":18,"character":22},{"__symbolic":"reference","module":"@angular/animations/browser","name":"ɵAnimationStyleNormalizer","line":18,"character":51}]}]}},"ɵc":{"__symbolic":"function"},"ɵd":{"__symbolic":"function","parameters":[],"value":{"__symbolic":"new","expression":{"__symbolic":"reference","module":"@angular/animations/browser","name":"ɵWebAnimationsStyleNormalizer","line":31,"character":13}}},"ɵe":{"__symbolic":"function","parameters":["renderer","engine","zone"],"value":{"__symbolic":"new","expression":{"__symbolic":"reference","name":"ɵAnimationRendererFactory"},"arguments":[{"__symbolic":"reference","name":"renderer"},{"__symbolic":"reference","name":"engine"},{"__symbolic":"reference","name":"zone"}]}},"ɵf":[{"provide":{"__symbolic":"reference","module":"@angular/animations/browser","name":"AnimationDriver","line":18,"character":22},"useFactory":{"__symbolic":"reference","name":"ɵc"}},{"provide":{"__symbolic":"reference","module":"@angular/animations","name":"AnimationBuilder","line":40,"character":12},"useClass":{"__symbolic":"reference","name":"ɵBrowserAnimationBuilder"}},{"provide":{"__symbolic":"reference","module":"@angular/animations/browser","name":"ɵAnimationStyleNormalizer","line":18,"character":51},"useFactory":{"__symbolic":"reference","name":"ɵd"}},{"provide":{"__symbolic":"reference","module":"@angular/animations/browser","name":"ɵAnimationEngine","line":42,"character":12},"useClass":{"__symbolic":"reference","name":"ɵb"}},{"provide":{"__symbolic":"reference","module":"@angular/core","name":"RendererFactory2","line":43,"character":13},"useFactory":{"__symbolic":"reference","name":"ɵe"},"deps":[{"__symbolic":"reference","module":"@angular/platform-browser","name":"ɵDomRendererFactory2","line":45,"character":11},{"__symbolic":"reference","module":"@angular/animations/browser","name":"ɵAnimationEngine","line":45,"character":32},{"__symbolic":"reference","module":"@angular/core","name":"NgZone","line":45,"character":49}]}],"ɵg":[{"provide":{"__symbolic":"reference","module":"@angular/animations/browser","name":"AnimationDriver","line":18,"character":22},"useClass":{"__symbolic":"reference","module":"@angular/animations/browser","name":"ɵNoopAnimationDriver","line":63,"character":42}},{"provide":{"__symbolic":"reference","module":"@angular/animations","name":"AnimationBuilder","line":40,"character":12},"useClass":{"__symbolic":"reference","name":"ɵBrowserAnimationBuilder"}},{"provide":{"__symbolic":"reference","module":"@angular/animations/browser","name":"ɵAnimationStyleNormalizer","line":18,"character":51},"useFactory":{"__symbolic":"reference","name":"ɵd"}},{"provide":{"__symbolic":"reference","module":"@angular/animations/browser","name":"ɵAnimationEngine","line":42,"character":12},"useClass":{"__symbolic":"reference","name":"ɵb"}},{"provide":{"__symbolic":"reference","module":"@angular/core","name":"RendererFactory2","line":43,"character":13},"useFactory":{"__symbolic":"reference","name":"ɵe"},"deps":[{"__symbolic":"reference","module":"@angular/platform-browser","name":"ɵDomRendererFactory2","line":45,"character":11},{"__symbolic":"reference","module":"@angular/animations/browser","name":"ɵAnimationEngine","line":45,"character":32},{"__symbolic":"reference","module":"@angular/core","name":"NgZone","line":45,"character":49}]}]},"origins":{"ɵa":"./src/animation_renderer","BrowserAnimationsModule":"./src/module","NoopAnimationsModule":"./src/module","ɵBrowserAnimationBuilder":"./src/animation_builder","ɵBrowserAnimationFactory":"./src/animation_builder","ɵAnimationRenderer":"./src/animation_renderer","ɵAnimationRendererFactory":"./src/animation_renderer","ɵb":"./src/providers","ɵc":"./src/providers","ɵd":"./src/providers","ɵe":"./src/providers","ɵf":"./src/providers","ɵg":"./src/providers"},"importAs":"@angular/platform-browser/animations"}