{
  "$schema": "http://json-schema.org/schema",
  "id": "SchematicsAngularDirective",
  "title": "Angular Directive Options Schema",
  "type": "object",
  "properties": {
    "name": {
      "type": "string",
      "description": "The name of the directive."
    },
    "path": {
      "type": "string",
      "format": "path",
      "description": "The path to create the directive.",
      "default": "app",
      "visible": false
    },
    "appRoot": {
      "type": "string",
      "format": "path",
      "description": "The root of the application.",
      "visible": false
    },
    "prefix": {
      "type": "string",
      "format": "html-selector",
      "description": "The prefix to apply to generated selectors.",
      "default": "app",
      "alias": "p"
    },
    "sourceDir": {
      "type": "string",
      "format": "path",
      "description": "The path of the source directory.",
      "default": "src",
      "visible": false
    },
    "spec": {
      "type": "boolean",
      "description": "Specifies if a spec file is generated.",
      "default": true
    },
    "skipImport": {
      "type": "boolean",
      "description": "Flag to skip the module import.",
      "default": false
    },
    "selector": {
      "type": "string",
      "format": "html-selector",
      "description": "The selector to use for the directive."
    },
    "flat": {
      "type": "boolean",
      "description": "Flag to indicate if a dir is created.",
      "default": true
    },
    "module":  {
      "type": "string",
      "description": "Allows specification of the declaring module.",
      "alias": "m"
    },
    "export": {
      "type": "boolean",
      "default": false,
      "description": "Specifies if declaring module exports the directive."
    }
  },
  "required": [
    "name"
  ]
}
